7361778,Buy,1,0,1,True,valid
7361779,Buy,1,1,1,True,valid
7361781,Buy,1,2,1,True,valid
7361782,Buy,1,3,1,True,valid
7361784,Buy,1,4,1,True,valid
7361785,Buy,1,5,1,True,valid
7361786,Buy,1,6,1,True,valid
7361788,Buy,1,7,1,True,valid
7361789,Buy,1,8,1,True,valid
7361793,Sell,15,2,1,True,valid
7361796,Sell,15,4,1,True,valid
7361799,Sell,15,5,1,True,valid
7361800,Sell,15,6,1,True,valid
7361802,Sell,15,8,1,True,valid
7362013,Buy,1,0,1,True,valid
7362015,Buy,1,1,1,True,valid
7362016,Buy,1,2,1,True,valid
7362018,Buy,1,3,1,True,valid
7362021,Buy,1,4,1,True,valid
7362022,Buy,1,5,1,True,valid
7362023,Buy,1,6,1,True,valid
7362024,Buy,1,7,1,True,valid
7362027,Buy,1,8,1,True,valid
7362031,Sell,15,2,1,True,valid
7362034,Sell,15,4,1,True,valid
7362036,Sell,15,5,1,True,valid
7362037,Sell,15,6,1,True,valid
7362041,Sell,15,8,1,True,valid
7362068,Buy,1,0,1,True,valid
7362070,Buy,1,1,1,True,valid
7362071,Buy,1,2,1,True,valid
7362072,Buy,1,3,1,True,valid
7362073,Buy,1,4,1,True,valid
7362076,Buy,1,5,1,True,valid
7362077,Buy,1,6,1,True,valid
7362085,Buy,1,7,1,True,valid
7362086,Buy,1,8,1,True,valid
7362089,Sell,15,2,1,True,valid
7362091,Sell,15,4,1,True,valid
7362092,Sell,15,5,1,True,valid
7362095,Sell,15,6,1,True,valid
7362098,Sell,15,8,1,True,valid
7362265,Buy,1,0,1,True,valid
7362267,Buy,1,1,1,True,valid
7362268,Buy,1,2,1,True,valid
7362269,Buy,1,3,1,True,valid
7362270,Buy,1,4,1,True,valid
7362271,Buy,1,5,1,True,valid
7362274,Buy,1,6,1,True,valid
7362276,Buy,1,7,1,True,valid
7362279,Buy,1,8,1,True,valid
7362286,Sell,15,4,1,True,valid
7362287,Sell,15,5,1,True,valid
7362290,Sell,15,6,1,True,valid
7362294,Sell,15,8,1,True,valid
7362328,Buy,1,0,1,True,valid
7362329,Buy,1,1,1,True,valid
7362331,Buy,1,2,1,True,valid
7362334,Buy,1,3,1,True,valid
7362335,Buy,1,4,1,True,valid
7362337,Buy,1,5,1,True,valid
7362339,Buy,1,6,1,True,valid
7362340,Buy,1,7,1,True,valid
7362342,Buy,1,8,1,True,valid
7362351,Sell,15,4,1,True,valid
7362352,Sell,15,5,1,True,valid
7362355,Sell,15,6,1,True,valid
7362358,Sell,15,8,1,True,valid
7362440,Buy,1,0,1,True,valid
7362442,Buy,1,1,1,True,valid
7362444,Buy,1,2,1,True,valid
7362445,Buy,1,3,1,True,valid
7362447,Buy,1,4,1,True,valid
7362450,Buy,1,5,1,True,valid
7362452,Buy,1,6,1,True,valid
7362453,Buy,1,7,1,True,valid
7362454,Buy,1,8,1,True,valid
7362464,Sell,15,4,1,True,valid
7362465,Sell,15,5,1,True,valid
7362467,Sell,15,6,1,True,valid
7362469,Sell,15,8,1,True,valid
7362501,Buy,1,0,1,True,valid
7362504,Buy,1,1,1,True,valid
7362506,Buy,1,2,1,True,valid
7362507,Buy,1,3,1,True,valid
7362509,Buy,1,4,1,True,valid
7362511,Buy,1,5,1,True,valid
7362512,Buy,1,6,1,True,valid
7362513,Buy,1,7,1,True,valid
7362514,Buy,1,8,1,True,valid
7362520,Sell,15,4,1,True,valid
7362521,Sell,15,5,1,True,valid
7362522,Sell,15,6,1,True,valid
7362524,Sell,15,8,1,True,valid
7362548,Buy,1,0,1,True,valid
7362549,Buy,1,1,1,True,valid
7362551,Buy,1,2,1,True,valid
7362553,Buy,1,3,1,True,valid
7362554,Buy,1,4,1,True,valid
7362556,Buy,1,5,1,True,valid
7362566,Buy,1,6,1,True,valid
7362567,Buy,1,7,1,True,valid
7362568,Buy,1,8,1,True,valid
7362575,Sell,15,4,1,True,valid
7362577,Sell,15,5,1,True,valid
7362578,Sell,15,6,1,True,valid
7362581,Sell,15,8,1,True,valid
7362609,Buy,1,0,1,True,valid
7362610,Buy,1,1,1,True,valid
7362612,Buy,1,2,1,True,valid
7362613,Buy,1,3,1,True,valid
7362616,Buy,1,4,1,True,valid
7362617,Buy,1,5,1,True,valid
7362619,Buy,1,6,1,True,valid
7362621,Buy,1,7,1,True,valid
7362623,Buy,1,8,1,True,valid
7362630,Sell,15,4,1,True,valid
7362632,Sell,15,5,1,True,valid
7362633,Sell,15,6,1,True,valid
7362638,Sell,15,8,1,True,valid
7362667,Buy,1,0,1,True,valid
7362669,Buy,1,1,1,True,valid
7362670,Buy,1,2,1,True,valid
7362671,Buy,1,3,1,True,valid
7362673,Buy,1,4,1,True,valid
7362675,Buy,1,5,1,True,valid
7362677,Buy,1,6,1,True,valid
7362678,Buy,1,7,1,True,valid
7362679,Buy,1,8,1,True,valid
7362688,Sell,15,4,1,True,valid
7362691,Sell,15,5,1,True,valid
7362693,Sell,15,6,1,True,valid
7362697,Sell,15,8,1,True,valid
7362721,Buy,1,0,1,True,valid
7362722,Buy,1,1,1,True,valid
7362723,Buy,1,2,1,True,valid
7362724,Buy,1,3,1,True,valid
7362727,Buy,1,4,1,True,valid
7362728,Buy,1,5,1,True,valid
7362729,Buy,1,6,1,True,valid
7362731,Buy,1,7,1,True,valid
7362732,Buy,1,8,1,True,valid
7362738,Sell,15,4,1,True,valid
7362741,Sell,15,5,1,True,valid
7362742,Sell,15,6,1,True,valid
7362747,Sell,15,8,1,True,valid
7362774,Buy,1,0,1,True,valid
7362776,Buy,1,1,1,True,valid
7362777,Buy,1,2,1,True,valid
7362779,Buy,1,3,1,True,valid
7362781,Buy,1,4,1,True,valid
7362782,Buy,1,5,1,True,valid
7362783,Buy,1,6,1,True,valid
7362785,Buy,1,7,1,True,valid
7362787,Buy,1,8,1,True,valid
7362792,Sell,15,4,1,True,valid
7362793,Sell,15,5,1,True,valid
7362863,Buy,1,0,1,True,valid
7362864,Buy,1,1,1,True,valid
7362865,Buy,1,2,1,True,valid
7362866,Buy,1,3,1,True,valid
7362868,Buy,1,4,1,True,valid
7362870,Buy,1,5,1,True,valid
7362873,Buy,1,6,1,True,valid
7362874,Buy,1,7,1,True,valid
7362875,Buy,1,8,1,True,valid
7362881,Sell,15,4,1,True,valid
7362884,Sell,15,5,1,True,valid
7362886,Sell,15,6,1,True,valid
7362891,Sell,15,8,1,True,valid
7362920,Buy,1,0,1,True,valid
7362923,Buy,1,1,1,True,valid
7362924,Buy,1,2,1,True,valid
7362926,Buy,1,3,1,True,valid
7362929,Buy,1,4,1,True,valid
7362930,Buy,1,5,1,True,valid
7362932,Buy,1,6,1,True,valid
7362935,Buy,1,7,1,True,valid
7362937,Buy,1,8,1,True,valid
7362943,Sell,15,4,1,True,valid
7362944,Sell,15,5,1,True,valid
7362945,Sell,15,6,1,True,valid
7362948,Sell,15,8,1,True,valid
7362973,Buy,1,0,1,True,valid
7362974,Buy,1,1,1,True,valid
7362976,Buy,1,2,1,True,valid
7362977,Buy,1,3,1,True,valid
7362978,Buy,1,4,1,True,valid
7362981,Buy,1,5,1,True,valid
7362983,Buy,1,6,1,True,valid
7362986,Buy,1,7,1,True,valid
7362987,Buy,1,8,1,True,valid
7362993,Sell,15,4,1,True,valid
7362995,Sell,15,5,1,True,valid
7362996,Sell,15,6,1,True,valid
7362999,Sell,15,8,1,True,valid
7363027,Buy,1,0,1,True,valid
7363029,Buy,1,1,1,True,valid
7363032,Buy,1,2,1,True,valid
7363035,Buy,1,3,1,True,valid
7363036,Buy,1,4,1,True,valid
7363037,Buy,1,5,1,True,valid
7363038,Buy,1,6,1,True,valid
7363039,Buy,1,7,1,True,valid
7363040,Buy,1,8,1,True,valid
7363048,Sell,15,4,1,True,valid
7363052,Sell,15,5,1,True,valid
7363055,Sell,15,6,1,True,valid
7363057,Sell,15,8,1,True,valid
7363079,Buy,1,0,1,True,valid
7363080,Buy,1,1,1,True,valid
7363082,Buy,1,2,1,True,valid
7363084,Buy,1,3,1,True,valid
7363085,Buy,1,4,1,True,valid
7363087,Buy,1,5,1,True,valid
7363088,Buy,1,6,1,True,valid
7363091,Buy,1,7,1,True,valid
7363092,Buy,1,8,1,True,valid
7363099,Sell,15,4,1,True,valid
7363101,Sell,15,5,1,True,valid
7363103,Sell,15,6,1,True,valid
7363113,Sell,15,8,1,True,valid
7363135,Buy,1,0,1,True,valid
7363136,Buy,1,1,1,True,valid
7363137,Buy,1,2,1,True,valid
7363140,Buy,1,3,1,True,valid
7363141,Buy,1,4,1,True,valid
7363144,Buy,1,5,1,True,valid
7363145,Buy,1,6,1,True,valid
7363146,Buy,1,7,1,True,valid
7363147,Buy,1,8,1,True,valid
7363155,Sell,15,4,1,True,valid
7363157,Sell,15,5,1,True,valid
7363158,Sell,15,6,1,True,valid
7363160,Sell,15,8,1,True,valid
7363183,Buy,1,0,1,True,valid
7363192,Buy,1,1,1,True,valid
7363193,Buy,1,2,1,True,valid
7363195,Buy,1,3,1,True,valid
7363198,Buy,1,4,1,True,valid
7363199,Buy,1,5,1,True,valid
7363200,Buy,1,6,1,True,valid
7363203,Buy,1,7,1,True,valid
7363204,Buy,1,8,1,True,valid
7363211,Sell,15,4,1,True,valid
7363212,Sell,15,5,1,True,valid
7363216,Sell,15,6,1,True,valid
7363220,Sell,15,8,1,True,valid
7363241,Buy,1,0,1,True,valid
7363244,Buy,1,1,1,True,valid
7363246,Buy,1,2,1,True,valid
7363247,Buy,1,3,1,True,valid
7363248,Buy,1,4,1,True,valid
7363249,Buy,1,5,1,True,valid
7363250,Buy,1,6,1,True,valid
7363252,Buy,1,7,1,True,valid
7363254,Buy,1,8,1,True,valid
7363262,Sell,15,4,1,True,valid
7363263,Sell,15,5,1,True,valid
7363264,Sell,15,6,1,True,valid
7363266,Sell,15,8,1,True,valid
7363344,Buy,1,0,1,True,valid
7363353,Buy,1,1,1,True,valid
7363354,Buy,1,2,1,True,valid
7363355,Buy,1,3,1,True,valid
7363357,Buy,1,4,1,True,valid
7363359,Buy,1,5,1,True,valid
7363360,Buy,1,6,1,True,valid
7363363,Buy,1,7,1,True,valid
7363365,Buy,1,8,1,True,valid
7363375,Sell,15,5,1,True,valid
7363376,Sell,15,6,1,True,valid
7363379,Sell,15,8,1,True,valid
7363878,Buy,1,0,1,True,valid
7363879,Buy,1,1,1,True,valid
7363880,Buy,1,2,1,True,valid
7363884,Buy,1,3,1,True,valid
7363887,Buy,1,4,1,True,valid
7363889,Buy,1,5,1,True,valid
7363890,Buy,1,6,1,True,valid
7363892,Buy,1,7,1,True,valid
7363893,Buy,1,8,1,True,valid
7363901,Sell,15,5,1,True,valid
7363902,Sell,15,6,1,True,valid
7363905,Sell,15,8,1,True,valid
7363927,Buy,1,0,1,True,valid
7363930,Buy,1,1,1,True,valid
7363932,Buy,1,2,1,True,valid
7363933,Buy,1,3,1,True,valid
7363935,Buy,1,4,1,True,valid
7363937,Buy,1,5,1,True,valid
7363938,Buy,1,6,1,True,valid
7363940,Buy,1,7,1,True,valid
7363941,Buy,1,8,1,True,valid
7363948,Sell,15,5,1,True,valid
7363949,Sell,15,6,1,True,valid
7363954,Sell,15,8,1,True,valid
7364411,Buy,1,0,1,True,valid
7364412,Buy,1,1,1,True,valid
7364413,Buy,1,2,1,True,valid
7364416,Buy,1,3,1,True,valid
7364418,Buy,1,4,1,True,valid
7364421,Buy,1,5,1,True,valid
7364422,Buy,1,6,1,True,valid
7364423,Buy,1,7,1,True,valid
7364424,Buy,1,8,1,True,valid
7364432,Sell,15,5,1,True,valid
7364434,Sell,15,6,1,True,valid
7364436,Sell,15,8,1,True,valid
7364679,Buy,1,0,1,True,valid
7364681,Buy,1,1,1,True,valid
7364682,Buy,1,2,1,True,valid
7364684,Buy,1,3,1,True,valid
7364685,Buy,1,4,1,True,valid
7364686,Buy,1,5,1,True,valid
7364687,Buy,1,6,1,True,valid
7364690,Buy,1,7,1,True,valid
7364693,Buy,1,8,1,True,valid
7364703,Sell,15,5,1,True,valid
7364705,Sell,15,6,1,True,valid
7364708,Sell,15,8,1,True,valid
7364981,Buy,1,0,1,True,valid
7364985,Buy,1,1,1,True,valid
7364986,Buy,1,2,1,True,valid
7364988,Buy,1,3,1,True,valid
7364989,Buy,1,4,1,True,valid
7364991,Buy,1,5,1,True,valid
7364992,Buy,1,6,1,True,valid
7364993,Buy,1,7,1,True,valid
7364994,Buy,1,8,1,True,valid
7365004,Sell,15,5,1,True,valid
7365013,Sell,15,6,1,True,valid
7365141,Buy,1,0,1,True,valid
7365142,Buy,1,1,1,True,valid
7365144,Buy,1,2,1,True,valid
7365145,Buy,1,3,1,True,valid
7365147,Buy,1,4,1,True,valid
7365149,Buy,1,5,1,True,valid
7365150,Buy,1,6,1,True,valid
7365151,Buy,1,7,1,True,valid
7365153,Buy,1,8,1,True,valid
7365159,Sell,15,5,1,True,valid
7365160,Sell,15,6,1,True,valid
7365445,Buy,1,0,1,True,valid
7365447,Buy,1,1,1,True,valid
7365448,Buy,1,2,1,True,valid
7365451,Buy,1,3,1,True,valid
7365454,Buy,1,4,1,True,valid
7365455,Buy,1,5,1,True,valid
7365456,Buy,1,6,1,True,valid
7365457,Buy,1,7,1,True,valid
7365458,Buy,1,8,1,True,valid
7365464,Sell,15,5,1,True,valid
7365465,Sell,15,6,1,True,valid
7365491,Buy,1,0,1,True,valid
7365493,Buy,1,1,1,True,valid
7365502,Buy,1,2,1,True,valid
7365505,Buy,1,3,1,True,valid
7365507,Buy,1,4,1,True,valid
7365509,Buy,1,5,1,True,valid
7365510,Buy,1,6,1,True,valid
7365512,Buy,1,7,1,True,valid
7365513,Buy,1,8,1,True,valid
7365520,Sell,15,5,1,True,valid
7365523,Sell,15,6,1,True,valid
7365763,Buy,1,0,1,True,valid
7365765,Buy,1,1,1,True,valid
7365767,Buy,1,2,1,True,valid
7365769,Buy,1,3,1,True,valid
7365771,Buy,1,4,1,True,valid
7365773,Buy,1,5,1,True,valid
7365775,Buy,1,6,1,True,valid
7365776,Buy,1,7,1,True,valid
7365777,Buy,1,8,1,True,valid
7365783,Sell,15,5,1,True,valid
7365784,Sell,15,6,1,True,valid
7365874,Buy,1,0,1,True,valid
7365875,Buy,1,1,1,True,valid
7365876,Buy,1,2,1,True,valid
7365880,Buy,1,3,1,True,valid
7365881,Buy,1,4,1,True,valid
7365882,Buy,1,5,1,True,valid
7365883,Buy,1,6,1,True,valid
7365884,Buy,1,7,1,True,valid
7365885,Buy,1,8,1,True,valid
7365894,Sell,15,5,1,True,valid
7365896,Sell,15,6,1,True,valid
7366242,Buy,1,0,1,True,valid
7366244,Buy,1,1,1,True,valid
7366245,Buy,1,2,1,True,valid
7366246,Buy,1,3,1,True,valid
7366247,Buy,1,4,1,True,valid
7366248,Buy,1,5,1,True,valid
7366250,Buy,1,6,1,True,valid
7366251,Buy,1,7,1,True,valid
7366252,Buy,1,8,1,True,valid
7366260,Sell,15,5,1,True,valid
7366261,Sell,15,6,1,True,valid
7366369,Buy,1,0,1,True,valid
7366371,Buy,1,1,1,True,valid
7366374,Buy,1,2,1,True,valid
7366375,Buy,1,3,1,True,valid
7366377,Buy,1,4,1,True,valid
7366380,Buy,1,5,1,True,valid
7366381,Buy,1,6,1,True,valid
7366382,Buy,1,7,1,True,valid
7366383,Buy,1,8,1,True,valid
7366391,Sell,15,5,1,True,valid
7366394,Sell,15,6,1,True,valid
7366501,Buy,1,0,1,True,valid
7366503,Buy,1,1,1,True,valid
7366505,Buy,1,2,1,True,valid
7366506,Buy,1,3,1,True,valid
7366508,Buy,1,4,1,True,valid
7366509,Buy,1,5,1,True,valid
7366510,Buy,1,6,1,True,valid
7366512,Buy,1,7,1,True,valid
7366513,Buy,1,8,1,True,valid
7366520,Sell,15,5,1,True,valid
7366521,Sell,15,6,1,True,valid
7369656,Buy,1,0,1,True,valid
7369658,Buy,1,1,1,True,valid
7369659,Buy,1,2,1,True,valid
7369661,Buy,1,3,1,True,valid
7369664,Buy,1,4,1,True,valid
7369665,Buy,1,5,1,True,valid
7369666,Buy,1,6,1,True,valid
7369667,Buy,1,7,1,True,valid
7369669,Buy,1,8,1,True,valid
7369676,Sell,15,5,1,True,valid
7369705,Buy,1,0,1,True,valid
7369706,Buy,1,1,1,True,valid
7370114,Buy,1,0,1,True,valid
7370117,Buy,1,1,1,True,valid
7370118,Buy,1,2,1,True,valid
7370119,Buy,1,3,1,True,valid
7370121,Buy,1,4,1,True,valid
7370123,Buy,1,5,1,True,valid
7370124,Buy,1,6,1,True,valid
7370126,Buy,1,7,1,True,valid
7370127,Buy,1,8,1,True,valid
7370134,Sell,15,5,1,True,valid
7533644,Buy,1,0,1,True,valid
7533646,Buy,1,1,1,True,valid
7533647,Buy,1,2,1,True,valid
7533649,Buy,1,3,1,True,valid
7533652,Buy,1,4,1,True,valid
7533653,Buy,1,5,1,True,valid
7533655,Buy,1,6,1,True,valid
7533656,Buy,1,7,1,True,valid
7533658,Buy,1,8,1,True,valid
7533664,Sell,15,5,1,True,valid
7533918,Buy,1,0,1,True,valid
7533919,Buy,1,1,1,True,valid
7533921,Buy,1,2,1,True,valid
7533923,Buy,1,3,1,True,valid
7533925,Buy,1,4,1,True,valid
7533926,Buy,1,5,1,True,valid
7533928,Buy,1,6,1,True,valid
7533929,Buy,1,7,1,True,valid
7533930,Buy,1,8,1,True,valid
7533974,Buy,1,0,1,True,valid
7533976,Buy,1,1,1,True,valid
7533977,Buy,1,2,1,True,valid
7533978,Buy,1,3,1,True,valid
7533980,Buy,1,4,1,True,valid
7533982,Buy,1,5,1,True,valid
7533983,Buy,1,6,1,True,valid
7533984,Buy,1,7,1,True,valid
7533986,Buy,1,8,1,True,valid
7536212,Buy,1,0,1,True,valid
7536214,Buy,1,1,1,True,valid
7536215,Buy,1,2,1,True,valid
7536217,Buy,1,3,1,True,valid
7536218,Buy,1,4,1,True,valid
7536220,Buy,1,5,1,True,valid
7536221,Buy,1,6,1,True,valid
7536222,Buy,1,7,1,True,valid
7536226,Buy,1,8,1,True,valid
7536787,Buy,1,0,1,True,valid
7536788,Buy,1,1,1,True,valid
7536789,Buy,1,2,1,True,valid
7536790,Buy,1,3,1,True,valid
7536791,Buy,1,4,1,True,valid
7536792,Buy,1,5,1,True,valid
7536793,Buy,1,6,1,True,valid
7536794,Buy,1,7,1,True,valid
7536797,Buy,1,8,1,True,valid
7537626,Buy,1,0,1,True,valid
7537629,Buy,1,1,1,True,valid
7537630,Buy,1,2,1,True,valid
7537632,Buy,1,3,1,True,valid
7537634,Buy,1,4,1,True,valid
7537637,Buy,1,5,1,True,valid
7537639,Buy,1,6,1,True,valid
7537640,Buy,1,7,1,True,valid
7537641,Buy,1,8,1,True,valid
7537682,Buy,1,0,1,True,valid
7537684,Buy,1,1,1,True,valid
7537687,Buy,1,2,1,True,valid
7537689,Buy,1,3,1,True,valid
7537690,Buy,1,4,1,True,valid
7537691,Buy,1,5,1,True,valid
7537692,Buy,1,6,1,True,valid
7537694,Buy,1,7,1,True,valid
7537696,Buy,1,8,1,True,valid
7537909,Buy,1,0,1,True,valid
7537911,Buy,1,1,1,True,valid
7537912,Buy,1,2,1,True,valid
7537914,Buy,1,3,1,True,valid
7537916,Buy,1,4,1,True,valid
7537918,Buy,1,5,1,True,valid
7537919,Buy,1,6,1,True,valid
7537920,Buy,1,7,1,True,valid
7537921,Buy,1,8,1,True,valid
7537959,Buy,1,0,1,True,valid
7537969,Buy,1,1,1,True,valid
7537974,Buy,1,2,1,True,valid
7537977,Buy,1,3,1,True,valid
7537982,Buy,1,4,1,True,valid
7537988,Buy,1,5,1,True,valid
7537993,Buy,1,6,1,True,valid
7537996,Buy,1,7,1,True,valid
7537998,Buy,1,8,1,True,valid
7538230,Buy,1,0,1,True,valid
7538231,Buy,1,1,1,True,valid
7538232,Buy,1,2,1,True,valid
7538235,Buy,1,3,1,True,valid
7538237,Buy,1,4,1,True,valid
7538238,Buy,1,5,1,True,valid
7538240,Buy,1,6,1,True,valid
7538243,Buy,1,7,1,True,valid
7538244,Buy,1,8,1,True,valid
7538431,Buy,1,0,1,True,valid
7538432,Buy,1,1,1,True,valid
7538433,Buy,1,2,1,True,valid
7538437,Buy,1,3,1,True,valid
7538438,Buy,1,4,1,True,valid
7538439,Buy,1,5,1,True,valid
7538441,Buy,1,6,1,True,valid
7538442,Buy,1,7,1,True,valid
7538444,Buy,1,8,1,True,valid
7538900,Buy,1,0,1,True,valid
7538904,Buy,1,1,1,True,valid
7538905,Buy,1,2,1,True,valid
7538906,Buy,1,3,1,True,valid
7538907,Buy,1,4,1,True,valid
7538909,Buy,1,5,1,True,valid
7538910,Buy,1,6,1,True,valid
7538911,Buy,1,7,1,True,valid
7538912,Buy,1,8,1,True,valid
7538956,Buy,1,0,1,True,valid
7538957,Buy,1,1,1,True,valid
7538959,Buy,1,2,1,True,valid
7538960,Buy,1,3,1,True,valid
7538961,Buy,1,4,1,True,valid
7538962,Buy,1,5,1,True,valid
7538964,Buy,1,6,1,True,valid
7538965,Buy,1,7,1,True,valid
7538967,Buy,1,8,1,True,valid
7539010,Buy,1,0,1,True,valid
7539012,Buy,1,1,1,True,valid
7539014,Buy,1,2,1,True,valid
7539015,Buy,1,3,1,True,valid
7539016,Buy,1,4,1,True,valid
7539018,Buy,1,5,1,True,valid
7539019,Buy,1,6,1,True,valid
7539020,Buy,1,7,1,True,valid
7539023,Buy,1,8,1,True,valid
7539064,Buy,1,0,1,True,valid
7539066,Buy,1,1,1,True,valid
7539068,Buy,1,2,1,True,valid
7539069,Buy,1,3,1,True,valid
7539071,Buy,1,4,1,True,valid
7539072,Buy,1,5,1,True,valid
7539073,Buy,1,6,1,True,valid
7539075,Buy,1,7,1,True,valid
7539076,Buy,1,8,1,True,valid
7539112,Buy,1,0,1,True,valid
7539114,Buy,1,1,1,True,valid
7539116,Buy,1,2,1,True,valid
7539117,Buy,1,3,1,True,valid
7539118,Buy,1,4,1,True,valid
7539119,Buy,1,5,1,True,valid
7539123,Buy,1,6,1,True,valid
7539125,Buy,1,7,1,True,valid
7539127,Buy,1,8,1,True,valid
7539169,Buy,1,0,1,True,valid
7539172,Buy,1,1,1,True,valid
7539173,Buy,1,2,1,True,valid
7539177,Buy,1,3,1,True,valid
7539178,Buy,1,4,1,True,valid
7539181,Buy,1,5,1,True,valid
7539184,Buy,1,6,1,True,valid
7539185,Buy,1,7,1,True,valid
7539186,Buy,1,8,1,True,valid
7539970,Buy,1,0,1,True,valid
7539971,Buy,1,1,1,True,valid
7539972,Buy,1,2,1,True,valid
7539973,Buy,1,3,1,True,valid
7539975,Buy,1,4,1,True,valid
7539983,Buy,1,5,1,True,valid
7539987,Buy,1,6,1,True,valid
7539989,Buy,1,7,1,True,valid
7539991,Buy,1,8,1,True,valid
7540068,Buy,1,0,1,True,valid
7540070,Buy,1,1,1,True,valid
7540072,Buy,1,2,1,True,valid
7540073,Buy,1,3,1,True,valid
7540076,Buy,1,4,1,True,valid
7540077,Buy,1,5,1,True,valid
7540078,Buy,1,6,1,True,valid
7540079,Buy,1,7,1,True,valid
7540080,Buy,1,8,1,True,valid
7540132,Buy,1,0,1,True,valid
7540133,Buy,1,1,1,True,valid
7540135,Buy,1,2,1,True,valid
7540139,Buy,1,3,1,True,valid
7540141,Buy,1,4,1,True,valid
7540143,Buy,1,5,1,True,valid
7540144,Buy,1,6,1,True,valid
7540146,Buy,1,7,1,True,valid
7540147,Buy,1,8,1,True,valid
7540205,Buy,1,0,1,True,valid
7540208,Buy,1,1,1,True,valid
7540210,Buy,1,2,1,True,valid
7540211,Buy,1,3,1,True,valid
7540214,Buy,1,4,1,True,valid
7540216,Buy,1,5,1,True,valid
7540219,Buy,1,6,1,True,valid
7540222,Buy,1,7,1,True,valid
7540223,Buy,1,8,1,True,valid
7540264,Buy,1,0,1,True,valid
7540265,Buy,1,1,1,True,valid
7540267,Buy,1,2,1,True,valid
7540268,Buy,1,3,1,True,valid
7540271,Buy,1,4,1,True,valid
7540272,Buy,1,5,1,True,valid
7540273,Buy,1,6,1,True,valid
7540277,Buy,1,7,1,True,valid
7540278,Buy,1,8,1,True,valid
7541212,Buy,1,0,1,True,valid
7541213,Buy,1,1,1,True,valid
7541216,Buy,1,2,1,True,valid
7541217,Buy,1,3,1,True,valid
7541219,Buy,1,4,1,True,valid
7541220,Buy,1,5,1,True,valid
7541221,Buy,1,6,1,True,valid
7541222,Buy,1,7,1,True,valid
7541224,Buy,1,8,1,True,valid
7541256,Buy,1,0,1,True,valid
7541259,Buy,1,1,1,True,valid
7541260,Buy,1,2,1,True,valid
7541263,Buy,1,3,1,True,valid
7541266,Buy,1,4,1,True,valid
7541267,Buy,1,5,1,True,valid
7541268,Buy,1,6,1,True,valid
7541269,Buy,1,7,1,True,valid
7541272,Buy,1,8,1,True,valid
7542021,Buy,1,0,1,True,valid
7542022,Buy,1,1,1,True,valid
7542025,Buy,1,2,1,True,valid
7542028,Buy,1,3,1,True,valid
7542031,Buy,1,4,1,True,valid
7542032,Buy,1,5,1,True,valid
7542033,Buy,1,6,1,True,valid
7542035,Buy,1,7,1,True,valid
7542038,Buy,1,8,1,True,valid
7542119,Buy,1,0,1,True,valid
7542121,Buy,1,1,1,True,valid
7542122,Buy,1,2,1,True,valid
7542124,Buy,1,3,1,True,valid
7542125,Buy,1,4,1,True,valid
7542126,Buy,1,5,1,True,valid
7542127,Buy,1,6,1,True,valid
7542128,Buy,1,7,1,True,valid
7542131,Buy,1,8,1,True,valid
7542736,Buy,1,0,1,True,valid
7542738,Buy,1,1,1,True,valid
7542739,Buy,1,2,1,True,valid
7542741,Buy,1,3,1,True,valid
7542744,Buy,1,4,1,True,valid
7542746,Buy,1,5,1,True,valid
7542750,Buy,1,6,1,True,valid
7542752,Buy,1,7,1,True,valid
7542753,Buy,1,8,1,True,valid
7542788,Buy,1,0,1,True,valid
7542790,Buy,1,1,1,True,valid
7542793,Buy,1,2,1,True,valid
7542794,Buy,1,3,1,True,valid
7542796,Buy,1,4,1,True,valid
7542797,Buy,1,5,1,True,valid
7542799,Buy,1,6,1,True,valid
7542801,Buy,1,7,1,True,valid
7542802,Buy,1,8,1,True,valid
7542899,Buy,1,0,1,True,valid
7542900,Buy,1,1,1,True,valid
7542901,Buy,1,2,1,True,valid
7542904,Buy,1,3,1,True,valid
7542905,Buy,1,4,1,True,valid
7542909,Buy,1,5,1,True,valid
7542911,Buy,1,6,1,True,valid
7542912,Buy,1,7,1,True,valid
7542913,Buy,1,8,1,True,valid
7543052,Buy,1,0,1,True,valid
7543054,Buy,1,1,1,True,valid
7543055,Buy,1,2,1,True,valid
7543056,Buy,1,3,1,True,valid
7543058,Buy,1,4,1,True,valid
7543060,Buy,1,5,1,True,valid
7543061,Buy,1,6,1,True,valid
7543063,Buy,1,7,1,True,valid
7543065,Buy,1,8,1,True,valid
7543103,Buy,1,0,1,True,valid
7543104,Buy,1,1,1,True,valid
7543105,Buy,1,2,1,True,valid
7543108,Buy,1,3,1,True,valid
7543109,Buy,1,4,1,True,valid
7543111,Buy,1,5,1,True,valid
7543113,Buy,1,6,1,True,valid
7543116,Buy,1,7,1,True,valid
7543117,Buy,1,8,1,True,valid
7544193,Buy,1,0,1,True,valid
7544197,Buy,1,1,1,True,valid
7544199,Buy,1,2,1,True,valid
7544200,Buy,1,3,1,True,valid
7544201,Buy,1,4,1,True,valid
7544202,Buy,1,5,1,True,valid
7544205,Buy,1,6,1,True,valid
7544206,Buy,1,7,1,True,valid
7544207,Buy,1,8,1,True,valid
7544635,Buy,1,0,1,True,valid
7544636,Buy,1,1,1,True,valid
7544639,Buy,1,2,1,True,valid
7544641,Buy,1,3,1,True,valid
7544642,Buy,1,4,1,True,valid
7544643,Buy,1,5,1,True,valid
7544644,Buy,1,6,1,True,valid
7544648,Buy,1,7,1,True,valid
7544649,Buy,1,8,1,True,valid
7544973,Buy,1,0,1,True,valid
7544975,Buy,1,1,1,True,valid
7544978,Buy,1,2,1,True,valid
7544979,Buy,1,3,1,True,valid
7544980,Buy,1,4,1,True,valid
7544981,Buy,1,5,1,True,valid
7544983,Buy,1,6,1,True,valid
7544985,Buy,1,7,1,True,valid
7544987,Buy,1,8,1,True,valid
7545913,Buy,1,0,1,True,valid
7545914,Buy,1,1,1,True,valid
7545916,Buy,1,2,1,True,valid
7545918,Buy,1,3,1,True,valid
7545919,Buy,1,4,1,True,valid
7545921,Buy,1,5,1,True,valid
7545922,Buy,1,6,1,True,valid
7545923,Buy,1,7,1,True,valid
7545925,Buy,1,8,1,True,valid
7545977,Buy,1,0,1,True,valid
7545978,Buy,1,1,1,True,valid
7545981,Buy,1,2,1,True,valid
7545982,Buy,1,3,1,True,valid
7545983,Buy,1,4,1,True,valid
7545984,Buy,1,5,1,True,valid
7545985,Buy,1,6,1,True,valid
7545986,Buy,1,7,1,True,valid
7545987,Buy,1,8,1,True,valid
7546027,Buy,1,0,1,True,valid
7546028,Buy,1,1,1,True,valid
7546029,Buy,1,2,1,True,valid
7546031,Buy,1,3,1,True,valid
7546034,Buy,1,4,1,True,valid
7546036,Buy,1,5,1,True,valid
7546037,Buy,1,6,1,True,valid
7546038,Buy,1,7,1,True,valid
7546039,Buy,1,8,1,True,valid
7546089,Buy,1,0,1,True,valid
7546091,Buy,1,1,1,True,valid
7546092,Buy,1,2,1,True,valid
7546093,Buy,1,3,1,True,valid
7546095,Buy,1,4,1,True,valid
7546096,Buy,1,5,1,True,valid
7546097,Buy,1,6,1,True,valid
7546098,Buy,1,7,1,True,valid
7546099,Buy,1,8,1,True,valid
7546135,Buy,1,0,1,True,valid
7546136,Buy,1,1,1,True,valid
7546138,Buy,1,2,1,True,valid
7546139,Buy,1,3,1,True,valid
7546141,Buy,1,4,1,True,valid
7546144,Buy,1,5,1,True,valid
7546145,Buy,1,6,1,True,valid
7546147,Buy,1,7,1,True,valid
7546148,Buy,1,8,1,True,valid
7546197,Buy,1,0,1,True,valid
7546200,Buy,1,1,1,True,valid
7546201,Buy,1,2,1,True,valid
7546203,Buy,1,3,1,True,valid
7546205,Buy,1,4,1,True,valid
7546206,Buy,1,5,1,True,valid
7546207,Buy,1,6,1,True,valid
7546208,Buy,1,7,1,True,valid
7546209,Buy,1,8,1,True,valid
7546246,Buy,1,0,1,True,valid
7546247,Buy,1,1,1,True,valid
7546256,Buy,1,2,1,True,valid
7546259,Buy,1,3,1,True,valid
7546260,Buy,1,4,1,True,valid
7546262,Buy,1,5,1,True,valid
7546263,Buy,1,6,1,True,valid
7546264,Buy,1,7,1,True,valid
7546266,Buy,1,8,1,True,valid
8378588,Buy,1,0,1,True,valid
8378591,Buy,1,1,1,True,valid
8378592,Buy,1,2,1,True,valid
8378593,Buy,1,3,1,True,valid
8378594,Buy,1,4,1,True,valid
8378595,Buy,1,5,1,True,valid
8378596,Buy,1,6,1,True,valid
8378598,Buy,1,7,1,True,valid
8378602,Buy,1,8,1,True,valid
8378609,Sell,15,4,1,True,valid
8378610,Sell,15,5,1,True,valid
8378611,Sell,15,6,1,True,valid
8378612,Sell,15,7,1,True,valid
8378613,Sell,15,8,1,True,valid
8378652,Buy,1,0,1,True,valid
8378653,Buy,1,1,1,True,valid
8378656,Buy,1,2,1,True,valid
8378658,Buy,1,3,1,True,valid
8378659,Buy,1,4,1,True,valid
8378661,Buy,1,5,1,True,valid
8378663,Buy,1,6,1,True,valid
8378665,Buy,1,7,1,True,valid
8378667,Buy,1,8,1,True,valid
8378674,Sell,15,4,1,True,valid
8378675,Sell,15,5,1,True,valid
8378676,Sell,15,6,1,True,valid
8378678,Sell,15,7,1,True,valid
8378679,Sell,15,8,1,True,valid
8378781,Buy,1,0,1,True,valid
8378783,Buy,1,1,1,True,valid
8378785,Buy,1,2,1,True,valid
8378786,Buy,1,3,1,True,valid
8378787,Buy,1,4,1,True,valid
8378789,Buy,1,5,1,True,valid
8378791,Buy,1,6,1,True,valid
8378793,Buy,1,7,1,True,valid
8378794,Buy,1,8,1,True,valid
8378801,Sell,15,4,1,True,valid
8378802,Sell,15,5,1,True,valid
8378804,Sell,15,6,1,True,valid
8378806,Sell,15,7,1,True,valid
8378808,Sell,15,8,1,True,valid
8378861,Buy,1,0,1,True,valid
8378862,Buy,1,1,1,True,valid
8378863,Buy,1,2,1,True,valid
8378865,Buy,1,3,1,True,valid
8378867,Buy,1,4,1,True,valid
8378868,Buy,1,5,1,True,valid
8378869,Buy,1,6,1,True,valid
8378870,Buy,1,7,1,True,valid
8378872,Buy,1,8,1,True,valid
8378878,Sell,15,4,1,True,valid
8378879,Sell,15,5,1,True,valid
8378880,Sell,15,6,1,True,valid
8378882,Sell,15,7,1,True,valid
8378884,Sell,15,8,1,True,valid
8379037,Buy,1,0,1,True,valid
8379038,Buy,1,1,1,True,valid
8379040,Buy,1,2,1,True,valid
8379042,Buy,1,3,1,True,valid
8379044,Buy,1,4,1,True,valid
8379045,Buy,1,5,1,True,valid
8379046,Buy,1,6,1,True,valid
8379047,Buy,1,7,1,True,valid
8379049,Buy,1,8,1,True,valid
8379058,Sell,15,4,1,True,valid
8379060,Sell,15,5,1,True,valid
8379061,Sell,15,6,1,True,valid
8379062,Sell,15,7,1,True,valid
8379063,Sell,15,8,1,True,valid
8379107,Buy,1,0,1,True,valid
8379109,Buy,1,1,1,True,valid
8379111,Buy,1,2,1,True,valid
8379112,Buy,1,3,1,True,valid
8379113,Buy,1,4,1,True,valid
8379114,Buy,1,5,1,True,valid
8379116,Buy,1,6,1,True,valid
8379118,Buy,1,7,1,True,valid
8379119,Buy,1,8,1,True,valid
8379125,Sell,15,4,1,True,valid
8379127,Sell,15,5,1,True,valid
8379129,Sell,15,6,1,True,valid
8379130,Sell,15,7,1,True,valid
8379226,Buy,1,0,1,True,valid
8379228,Buy,1,1,1,True,valid
8379231,Buy,1,2,1,True,valid
8379233,Buy,1,3,1,True,valid
8379235,Buy,1,4,1,True,valid
8379236,Buy,1,5,1,True,valid
8379238,Buy,1,6,1,True,valid
8379239,Buy,1,7,1,True,valid
8379241,Buy,1,8,1,True,valid
8379247,Sell,15,4,1,True,valid
8379249,Sell,15,5,1,True,valid
8379250,Sell,15,6,1,True,valid
8379252,Sell,15,7,1,True,valid
8379254,Sell,15,8,1,True,valid
8381487,Buy,1,0,1,True,valid
8381491,Buy,1,1,1,True,valid
8381492,Buy,1,2,1,True,valid
8381494,Buy,1,3,1,True,valid
8381496,Buy,1,4,1,True,valid
8381498,Buy,1,5,1,True,valid
8381501,Buy,1,6,1,True,valid
8381502,Buy,1,7,1,True,valid
8381503,Buy,1,8,1,True,valid
8381509,Sell,15,4,1,True,valid
8381511,Sell,15,5,1,True,valid
8381512,Sell,15,6,1,True,valid
8381514,Sell,15,7,1,True,valid
8381515,Sell,15,8,1,True,valid
8381800,Buy,1,0,1,True,valid
8381801,Buy,1,1,1,True,valid
8381804,Buy,1,2,1,True,valid
8381805,Buy,1,3,1,True,valid
8381806,Buy,1,4,1,True,valid
8381807,Buy,1,5,1,True,valid
8381809,Buy,1,6,1,True,valid
8381810,Buy,1,7,1,True,valid
8381811,Buy,1,8,1,True,valid
8381818,Sell,15,4,1,True,valid
8381819,Sell,15,5,1,True,valid
8381820,Sell,15,6,1,True,valid
8381822,Sell,15,7,1,True,valid
8381825,Sell,15,8,1,True,valid
8381851,Buy,1,0,1,True,valid
8381852,Buy,1,1,1,True,valid
8381853,Buy,1,2,1,True,valid
8381854,Buy,1,3,1,True,valid
8381855,Buy,1,4,1,True,valid
8381856,Buy,1,5,1,True,valid
8381858,Buy,1,6,1,True,valid
8381859,Buy,1,7,1,True,valid
8381860,Buy,1,8,1,True,valid
8381867,Sell,15,4,1,True,valid
8381870,Sell,15,5,1,True,valid
8381872,Sell,15,6,1,True,valid
8381873,Sell,15,7,1,True,valid
8381874,Sell,15,8,1,True,valid
8382569,Buy,1,0,1,True,valid
8382572,Buy,1,1,1,True,valid
8382574,Buy,1,2,1,True,valid
8382575,Buy,1,3,1,True,valid
8382577,Buy,1,4,1,True,valid
8382578,Buy,1,5,1,True,valid
8382579,Buy,1,6,1,True,valid
8382580,Buy,1,7,1,True,valid
8382581,Buy,1,8,1,True,valid
8382589,Sell,15,4,1,True,valid
8382590,Sell,15,5,1,True,valid
8382592,Sell,15,6,1,True,valid
8382593,Sell,15,7,1,True,valid
8382595,Sell,15,8,1,True,valid
8382822,Buy,1,0,1,True,valid
8382823,Buy,1,1,1,True,valid
8382825,Buy,1,2,1,True,valid
8382826,Buy,1,3,1,True,valid
8382828,Buy,1,4,1,True,valid
8382829,Buy,1,5,1,True,valid
8382830,Buy,1,6,1,True,valid
8382831,Buy,1,7,1,True,valid
8382833,Buy,1,8,1,True,valid
8382847,Sell,15,4,1,True,valid
8382849,Sell,15,5,1,True,valid
8382852,Sell,15,6,1,True,valid
8382855,Sell,15,7,1,True,valid
8382858,Sell,15,8,1,True,valid
8382912,Buy,1,0,1,True,valid
8382913,Buy,1,1,1,True,valid
8382915,Buy,1,2,1,True,valid
8382916,Buy,1,3,1,True,valid
8382919,Buy,1,4,1,True,valid
8382920,Buy,1,5,1,True,valid
8382921,Buy,1,6,1,True,valid
8382922,Buy,1,7,1,True,valid
8382924,Buy,1,8,1,True,valid
8382931,Sell,15,4,1,True,valid
8382934,Sell,15,5,1,True,valid
8382936,Sell,15,6,1,True,valid
8382937,Sell,15,7,1,True,valid
8382939,Sell,15,8,1,True,valid
8383110,Buy,1,0,1,True,valid
8383111,Buy,1,1,1,True,valid
8383112,Buy,1,2,1,True,valid
8383114,Buy,1,3,1,True,valid
8383116,Buy,1,4,1,True,valid
8383118,Buy,1,5,1,True,valid
8383119,Buy,1,6,1,True,valid
8383121,Buy,1,7,1,True,valid
8383123,Buy,1,8,1,True,valid
8383129,Sell,15,4,1,True,valid
8383131,Sell,15,5,1,True,valid
8383132,Sell,15,6,1,True,valid
8383133,Sell,15,7,1,True,valid
8383134,Sell,15,8,1,True,valid
8383160,Buy,1,0,1,True,valid
8383162,Buy,1,1,1,True,valid
8383163,Buy,1,2,1,True,valid
8383164,Buy,1,3,1,True,valid
8383166,Buy,1,4,1,True,valid
8383169,Buy,1,5,1,True,valid
8383170,Buy,1,6,1,True,valid
8383172,Buy,1,7,1,True,valid
8383173,Buy,1,8,1,True,valid
8383181,Sell,15,4,1,True,valid
8383184,Sell,15,5,1,True,valid
8383185,Sell,15,6,1,True,valid
8383187,Sell,15,7,1,True,valid
8383188,Sell,15,8,1,True,valid
8383204,Buy,1,0,1,True,valid
8383207,Buy,1,1,1,True,valid
8383210,Buy,1,2,1,True,valid
8384828,Buy,1,0,1,True,valid
8384829,Buy,1,1,1,True,valid
8384830,Buy,1,2,1,True,valid
8384831,Buy,1,3,1,True,valid
8384832,Buy,1,4,1,True,valid
8384837,Buy,1,5,1,True,valid
8384839,Buy,1,6,1,True,valid
8384840,Buy,1,7,1,True,valid
8384841,Buy,1,8,1,True,valid
8384849,Sell,15,4,1,True,valid
8384850,Sell,15,5,1,True,valid
8384853,Sell,15,6,1,True,valid
8384854,Sell,15,7,1,True,valid
8384857,Sell,15,8,1,True,valid
8384882,Buy,1,0,1,True,valid
8384885,Buy,1,1,1,True,valid
8384886,Buy,1,2,1,True,valid
8384889,Buy,1,3,1,True,valid
8384890,Buy,1,4,1,True,valid
8384893,Buy,1,5,1,True,valid
8384894,Buy,1,6,1,True,valid
8384896,Buy,1,7,1,True,valid
8384897,Buy,1,8,1,True,valid
8384904,Sell,15,4,1,True,valid
8384905,Sell,15,5,1,True,valid
8384906,Sell,15,6,1,True,valid
8384908,Sell,15,7,1,True,valid
8384911,Sell,15,8,1,True,valid
8387999,Buy,1,0,1,True,valid
8388008,Buy,1,1,1,True,valid
8388009,Buy,1,2,1,True,valid
8388012,Buy,1,3,1,True,valid
8388013,Buy,1,4,1,True,valid
8388015,Buy,1,5,1,True,valid
8388017,Buy,1,6,1,True,valid
8388018,Buy,1,7,1,True,valid
8388020,Buy,1,8,1,True,valid
8388028,Sell,15,4,1,True,valid
8388029,Sell,15,5,1,True,valid
8388032,Sell,15,6,1,True,valid
8388033,Sell,15,7,1,True,valid
8388035,Sell,15,8,1,True,valid
8388058,Buy,1,0,1,True,valid
8388059,Buy,1,1,1,True,valid
8388062,Buy,1,2,1,True,valid
8388064,Buy,1,3,1,True,valid
8388065,Buy,1,4,1,True,valid
8388068,Buy,1,5,1,True,valid
8388069,Buy,1,6,1,True,valid
8388070,Buy,1,7,1,True,valid
8388071,Buy,1,8,1,True,valid
8388078,Sell,15,4,1,True,valid
8388081,Sell,15,5,1,True,valid
8388083,Sell,15,6,1,True,valid
8388085,Sell,15,7,1,True,valid
8388086,Sell,15,8,1,True,valid
8389818,Buy,1,0,1,True,valid
8389820,Buy,1,1,1,True,valid
8389821,Buy,1,2,1,True,valid
8389822,Buy,1,3,1,True,valid
8389823,Buy,1,4,1,True,valid
8389824,Buy,1,5,1,True,valid
8389825,Buy,1,6,1,True,valid
8389826,Buy,1,7,1,True,valid
8389830,Buy,1,8,1,True,valid
8389837,Sell,15,4,1,True,valid
8389838,Sell,15,5,1,True,valid
8389840,Sell,15,6,1,True,valid
8389841,Sell,15,7,1,True,valid
8389842,Sell,15,8,1,True,valid
8389866,Buy,1,0,1,True,valid
8389868,Buy,1,1,1,True,valid
8389869,Buy,1,2,1,True,valid
8389870,Buy,1,3,1,True,valid
8389874,Buy,1,4,1,True,valid
8389876,Buy,1,5,1,True,valid
8389877,Buy,1,6,1,True,valid
8389878,Buy,1,7,1,True,valid
8389880,Buy,1,8,1,True,valid
8389887,Sell,15,4,1,True,valid
8389888,Sell,15,5,1,True,valid
8389889,Sell,15,6,1,True,valid
8389890,Sell,15,7,1,True,valid
8389892,Sell,15,8,1,True,valid
8389926,Buy,1,0,1,True,valid
8389928,Buy,1,1,1,True,valid
8389929,Buy,1,2,1,True,valid
8389930,Buy,1,3,1,True,valid
8389931,Buy,1,4,1,True,valid
8389935,Buy,1,5,1,True,valid
8389936,Buy,1,6,1,True,valid
8389938,Buy,1,7,1,True,valid
8389939,Buy,1,8,1,True,valid
8389944,Sell,15,4,1,True,valid
8389946,Sell,15,5,1,True,valid
8389948,Sell,15,6,1,True,valid
8389950,Sell,15,7,1,True,valid
8389952,Sell,15,8,1,True,valid
8390137,Buy,1,0,1,True,valid
8390138,Buy,1,1,1,True,valid
8390140,Buy,1,2,1,True,valid
8390142,Buy,1,3,1,True,valid
8390144,Buy,1,4,1,True,valid
8390146,Buy,1,5,1,True,valid
8390148,Buy,1,6,1,True,valid
8390149,Buy,1,7,1,True,valid
8390151,Buy,1,8,1,True,valid
8390158,Sell,15,4,1,True,valid
8390160,Sell,15,5,1,True,valid
8390602,Buy,1,0,1,True,valid
8390603,Buy,1,1,1,True,valid
8390604,Buy,1,2,1,True,valid
8390606,Buy,1,3,1,True,valid
8390607,Buy,1,4,1,True,valid
8390609,Buy,1,5,1,True,valid
8390610,Buy,1,6,1,True,valid
8390612,Buy,1,7,1,True,valid
8390614,Buy,1,8,1,True,valid
8390619,Sell,15,4,1,True,valid
8390620,Sell,15,5,1,True,valid
8390621,Sell,15,6,1,True,valid
8390622,Sell,15,7,1,True,valid
8390623,Sell,15,8,1,True,valid
8390652,Buy,1,0,1,True,valid
8390653,Buy,1,1,1,True,valid
8390654,Buy,1,2,1,True,valid
8390655,Buy,1,3,1,True,valid
8390657,Buy,1,4,1,True,valid
8390659,Buy,1,5,1,True,valid
8390660,Buy,1,6,1,True,valid
8390661,Buy,1,7,1,True,valid
8390663,Buy,1,8,1,True,valid
8390670,Sell,15,4,1,True,valid
8390671,Sell,15,5,1,True,valid
8390673,Sell,15,6,1,True,valid
8390677,Sell,15,7,1,True,valid
8390678,Sell,15,8,1,True,invalid
8391053,Buy,1,0,1,True,valid
8391055,Buy,1,1,1,True,valid
8391056,Buy,1,2,1,True,valid
8391057,Buy,1,3,1,True,valid
8391060,Buy,1,4,1,True,valid
8391062,Buy,1,5,1,True,valid
8391063,Buy,1,6,1,True,valid
8391065,Buy,1,7,1,True,valid
8391066,Buy,1,8,1,True,valid
8391071,Sell,15,2,1,True,valid
8391073,Sell,15,4,1,True,valid
8391076,Sell,15,5,1,True,valid
8391078,Sell,15,6,1,True,valid
8391079,Sell,15,7,1,True,valid
8391081,Sell,15,8,1,True,valid
8391105,Buy,1,0,1,True,valid
8391106,Buy,1,1,1,True,valid
8391107,Buy,1,2,1,True,valid
8391109,Buy,1,3,1,True,valid
8391110,Buy,1,4,1,True,valid
8391111,Buy,1,5,1,True,valid
8391112,Buy,1,6,1,True,valid
8391115,Buy,1,7,1,True,valid
8391117,Buy,1,8,1,True,valid
8391127,Sell,15,4,1,True,valid
8391128,Sell,15,5,1,True,valid
8391129,Sell,15,6,1,True,valid
8391130,Sell,15,7,1,True,valid
8391131,Sell,15,8,1,True,valid
8391164,Buy,1,0,1,True,valid
8391167,Buy,1,1,1,True,valid
8391168,Buy,1,2,1,True,valid
8391169,Buy,1,3,1,True,valid
8391170,Buy,1,4,1,True,valid
8391171,Buy,1,5,1,True,valid
8391172,Buy,1,6,1,True,valid
8391174,Buy,1,7,1,True,valid
8391175,Buy,1,8,1,True,valid
8391182,Sell,15,4,1,True,valid
8391185,Sell,15,5,1,True,valid
8391187,Sell,15,6,1,True,valid
8391188,Sell,15,7,1,True,valid
8391190,Sell,15,8,1,True,valid
8391226,Buy,1,0,1,True,valid
8391227,Buy,1,1,1,True,valid
8391228,Buy,1,2,1,True,valid
8391229,Buy,1,3,1,True,valid
8391230,Buy,1,4,1,True,valid
8391231,Buy,1,5,1,True,valid
8391232,Buy,1,6,1,True,valid
8391233,Buy,1,7,1,True,valid
8391234,Buy,1,8,1,True,valid
8391242,Sell,15,4,1,True,valid
8391245,Sell,15,5,1,True,valid
8391247,Sell,15,6,1,True,valid
8391249,Sell,15,7,1,True,valid
8391250,Sell,15,8,1,True,valid
8391322,Buy,1,0,1,True,valid
8391324,Buy,1,1,1,True,valid
8391327,Buy,1,2,1,True,valid
8391328,Buy,1,3,1,True,valid
8391330,Buy,1,4,1,True,valid
8391331,Buy,1,5,1,True,valid
8391333,Buy,1,6,1,True,valid
8391335,Buy,1,7,1,True,valid
8391337,Buy,1,8,1,True,valid
8391344,Sell,15,4,1,True,valid
8391346,Sell,15,5,1,True,valid
8391347,Sell,15,6,1,True,valid
8391349,Sell,15,7,1,True,valid
8391351,Sell,15,8,1,True,valid
8391374,Buy,1,0,1,True,valid
8391376,Buy,1,1,1,True,valid
8391377,Buy,1,2,1,True,valid
8391379,Buy,1,3,1,True,valid
8391381,Buy,1,4,1,True,valid
8391382,Buy,1,5,1,True,valid
8391385,Buy,1,6,1,True,valid
8391387,Buy,1,7,1,True,valid
8391388,Buy,1,8,1,True,valid
8391393,Sell,15,4,1,True,valid
8391395,Sell,15,5,1,True,valid
8391396,Sell,15,6,1,True,valid
8391398,Sell,15,7,1,True,valid
8391400,Sell,15,8,1,True,valid
8391450,Buy,1,0,1,True,valid
8391453,Buy,1,1,1,True,valid
8391455,Buy,1,2,1,True,valid
8391456,Buy,1,3,1,True,valid
8391458,Buy,1,4,1,True,valid
8391461,Buy,1,5,1,True,valid
8391463,Buy,1,6,1,True,valid
8391464,Buy,1,7,1,True,valid
8391466,Buy,1,8,1,True,valid
8391473,Sell,15,4,1,True,valid
8391474,Sell,15,5,1,True,valid
8391476,Sell,15,6,1,True,valid
8391479,Sell,15,7,1,True,valid
8391480,Sell,15,8,1,True,valid
8391782,Buy,1,0,1,True,valid
8391783,Buy,1,1,1,True,valid
8391786,Buy,1,2,1,True,valid
8391788,Buy,1,3,1,True,valid
8391790,Buy,1,4,1,True,valid
8391791,Buy,1,5,1,True,valid
8391793,Buy,1,6,1,True,valid
8391795,Buy,1,7,1,True,valid
8391796,Buy,1,8,1,True,valid
8391806,Sell,15,4,1,True,valid
8391807,Sell,15,5,1,True,valid
8391810,Sell,15,6,1,True,valid
8391811,Sell,15,7,1,True,valid
8391813,Sell,15,8,1,True,valid
8391878,Buy,1,0,1,True,valid
8391879,Buy,1,1,1,True,valid
8391880,Buy,1,2,1,True,valid
8391883,Buy,1,3,1,True,valid
8391885,Buy,1,4,1,True,valid
8391887,Buy,1,5,1,True,valid
8391890,Buy,1,6,1,True,valid
8391895,Buy,1,7,1,True,valid
8391896,Buy,1,8,1,True,valid
8391904,Sell,15,4,1,True,valid
8391905,Sell,15,5,1,True,valid
8391906,Sell,15,6,1,True,valid
8391907,Sell,15,7,1,True,valid
8391909,Sell,15,8,1,True,valid
8391935,Buy,1,0,1,True,valid
8391936,Buy,1,1,1,True,valid
8391937,Buy,1,2,1,True,valid
8391939,Buy,1,3,1,True,valid
8391940,Buy,1,4,1,True,valid
8391941,Buy,1,5,1,True,valid
8391943,Buy,1,6,1,True,valid
8391944,Buy,1,7,1,True,valid
8391946,Buy,1,8,1,True,valid
8391954,Sell,15,4,1,True,valid
8391957,Sell,15,5,1,True,valid
8391959,Sell,15,6,1,True,valid
8391962,Sell,15,7,1,True,valid
8391963,Sell,15,8,1,True,valid
8391994,Buy,1,0,1,True,valid
8391995,Buy,1,1,1,True,valid
8391997,Buy,1,2,1,True,valid
8391999,Buy,1,3,1,True,valid
8392001,Buy,1,4,1,True,valid
8392004,Buy,1,5,1,True,valid
8392006,Buy,1,6,1,True,valid
8392007,Buy,1,7,1,True,valid
8392008,Buy,1,8,1,True,valid
8392016,Sell,15,4,1,True,valid
8392017,Sell,15,5,1,True,valid
8392018,Sell,15,6,1,True,valid
8392019,Sell,15,7,1,True,valid
8392020,Sell,15,8,1,True,valid
8392049,Buy,1,0,1,True,valid
8392050,Buy,1,1,1,True,valid
8392051,Buy,1,2,1,True,valid
8392053,Buy,1,3,1,True,valid
8392054,Buy,1,4,1,True,valid
8392056,Buy,1,5,1,True,valid
8392058,Buy,1,6,1,True,valid
8392060,Buy,1,7,1,True,valid
8392061,Buy,1,8,1,True,valid
8392071,Sell,15,4,1,True,valid
8392072,Sell,15,5,1,True,valid
8392073,Sell,15,6,1,True,valid
8392074,Sell,15,7,1,True,valid
8392076,Sell,15,8,1,True,valid
8392129,Buy,1,0,1,True,valid
8392131,Buy,1,1,1,True,valid
8392132,Buy,1,2,1,True,valid
8392134,Buy,1,3,1,True,valid
8392135,Buy,1,4,1,True,valid
8392136,Buy,1,5,1,True,valid
8392138,Buy,1,6,1,True,valid
8392141,Buy,1,7,1,True,valid
8392143,Buy,1,8,1,True,valid
8392151,Sell,15,4,1,True,valid
8392153,Sell,15,5,1,True,valid
8392154,Sell,15,6,1,True,valid
8392157,Sell,15,7,1,True,valid
8392158,Sell,15,8,1,True,valid
8392179,Buy,1,0,1,True,valid
8392180,Buy,1,1,1,True,valid
8392181,Buy,1,2,1,True,valid
8392183,Buy,1,3,1,True,valid
8392184,Buy,1,4,1,True,valid
8392185,Buy,1,5,1,True,valid
8392187,Buy,1,6,1,True,valid
8392189,Buy,1,7,1,True,valid
8392190,Buy,1,8,1,True,valid
8392195,Sell,15,4,1,True,valid
8392197,Sell,15,5,1,True,valid
8392200,Sell,15,6,1,True,valid
8392201,Sell,15,7,1,True,valid
8392204,Sell,15,8,1,True,valid
8392242,Buy,1,0,1,True,valid
8392243,Buy,1,1,1,True,valid
8392244,Buy,1,2,1,True,valid
8392246,Buy,1,3,1,True,valid
8392247,Buy,1,4,1,True,valid
8392248,Buy,1,5,1,True,valid
8392251,Buy,1,6,1,True,valid
8392252,Buy,1,7,1,True,valid
8392253,Buy,1,8,1,True,valid
8392260,Sell,15,4,1,True,valid
8392261,Sell,15,5,1,True,valid
8392262,Sell,15,6,1,True,valid
8392264,Sell,15,7,1,True,valid
8392265,Sell,15,8,1,True,valid
8392286,Buy,1,0,1,True,valid
8392287,Buy,1,1,1,True,valid
8392288,Buy,1,2,1,True,valid
8392290,Buy,1,3,1,True,valid
8392291,Buy,1,4,1,True,valid
8392293,Buy,1,5,1,True,valid
8392297,Buy,1,6,1,True,valid
8392298,Buy,1,7,1,True,valid
8392300,Buy,1,8,1,True,valid
8392306,Sell,15,4,1,True,valid
8392308,Sell,15,5,1,True,valid
8392309,Sell,15,6,1,True,valid
8392311,Sell,15,7,1,True,valid
8392312,Sell,15,8,1,True,valid
8392350,Buy,1,0,1,True,valid
8392352,Buy,1,1,1,True,valid
8392354,Buy,1,2,1,True,valid
8392356,Buy,1,3,1,True,valid
8392357,Buy,1,4,1,True,valid
8392360,Buy,1,5,1,True,valid
8392361,Buy,1,6,1,True,valid
8392362,Buy,1,7,1,True,valid
8392363,Buy,1,8,1,True,valid
8392371,Sell,15,4,1,True,valid
8392372,Sell,15,5,1,True,valid
8392373,Sell,15,6,1,True,valid
8392374,Sell,15,7,1,True,valid
8392375,Sell,15,8,1,True,valid
11841727,Buy,1,1,1,False,valid
11841756,Buy,500,1,1,False,valid
11843379,Buy,1,3,3,False,valid
12454587,Buy,1,1,1,False,valid
